Image,Label
24117,4
15322,4
14546,
8079,
13192,4
25927,
3372,6
21781,
2847,4
16413,4
12090,
6937,6
28974,
14484,6 7
22781,4
3906,
10486,
10948,
23752,4
21219,4
24047,
12814,
2400,6
30332,4 6
23728,
28039,6
18669,6
22520,4
3143,
16968,
18868,
26489,
21931,4 6
9749,4
26124,
16546,
234,6 7
7855,4
3866,
4655,
18332,
17368,
93,6
26682,
23075,4
6200,6 7
20047,6
9136,
18778,
26346,
3741,6
22863,
21698,4
21906,4
23453,
8557,
24638,
5950,6
19639,4
11628,
14064,4
15059,
11550,
29457,
7711,6
28287,
16158,
16094,6
17654,4
6910,
12298,4
27935,
5019,
7200,
15279,
30383,
28803,
23839,
11106,
13423,
21059,
17274,4 6
4877,6 7
16478,6
26799,4
19310,
11810,
7545,4
26224,4
17400,4
23317,
8540,
24095,
22810,6
29138,4
25457,
12482,
10374,4
18976,
21236,
21795,
3205,
12001,
15198,
9496,
21239,4
3992,4 6
17631,6
6511,
20732,
23237,
17306,
13989,
6382,6
9312,
7918,
12438,4
26177,
19690,
24692,4
29141,
14867,6 7
11685,
16588,4
21182,
6675,
5055,6
17815,
25468,
19774,
8647,
26626,
26529,
13483,6 7
2562,
17907,
25090,
25911,4
26669,
5650,
625,
12351,
11959,6
28697,
24250,
11019,
6084,4
30133,
10828,6
11145,
3695,
18520,
15727,
14493,
16030,4
8573,4
14864,4 6
17530,6
831,
27440,
28724,
1552,
11653,4
11890,
13112,
27506,
24873,6
21744,4
14003,
22395,4
10334,
8091,
23253,
968,
1025,
12125,
29913,6
12073,
11488,
23828,
10360,4 6
23296,6
16808,
10765,
13748,
13202,
2519,
23017,
30772,6
29489,
11295,6
22019,
26973,
963,
10927,
8751,
25774,
8397,
13806,4 6
12892,6
13939,
11031,
3099,
7959,
19407,6 7
30209,
30416,
14938,6 7
1796,
23465,
4477,
25960,6
15529,6
4110,
17200,
27503,4 6
16936,
13527,4
26580,
12843,4 6
25833,6
1541,4
9445,
30354,
27012,
26496,
17246,6
7135,
312,
21149,4
7010,4 6
25521,
26651,4
19033,
17490,4
7310,
11406,6
2667,
13961,
25863,
3989,6
7145,4 6
18182,
12808,4
1035,
6049,
18040,4
10305,
2293,
15512,6 7
31033,6
975,4
19791,
19773,
1388,
17520,
23175,6 7
19323,
27655,4
19117,
28520,
20653,
24414,6
27349,
15528,
1985,
9584,4
9424,
9306,4 6
26924,4
19101,
236,4
20576,
20658,4 6
16093,4 6
14674,6
17976,4
13171,
20353,
30153,
1086,4
10136,6
12302,
5590,
8497,4
953,6
8376,
13638,4
6399,
19792,
19077,4
16336,
26809,
18181,
26950,4
9459,6
3182,
22509,
13067,6
6100,
287,6
23,6
11043,
30254,
23968,
18381,
22366,
28406,
170,
1981,4
18672,6
4149,4
18272,
13917,
15285,
27132,
16367,
17066,
18326,4
26368,4 6
25195,4
13973,6
21978,6
27469,
24903,4
20663,
2365,
7164,
20363,
29503,6
21148,
19012,
27823,
28605,
3166,6
6412,4 6
25160,4
2757,4
12748,6 7
19014,
28461,
1088,
3023,
20123,
1353,
23435,4
15524,
799,
10553,4
8527,4 6
15884,6
29242,4
10888,
29505,4
9815,4
15534,4
17839,
22627,6
22679,4 6
28292,4
7228,
9896,4
10801,
4804,
8249,4
5638,4
4276,
11115,4
23181,
9130,
13204,
8550,4
23811,6
785,
9897,4 6
18069,
16931,
27502,6
25773,6
3718,
16294,6
26718,4
19727,
7176,4 6
6907,6 7
30142,
6564,6
11188,4 6
27644,6
11561,
18628,6
17791,4
13757,
24588,6 7
23830,4
10522,
415,
27965,
10148,6
28905,4
7586,6
8065,
27791,4
24616,
24883,4
22759,
12443,6
7796,
5360,4 6
20530,
3539,
10557,4
16207,
28983,4 6
3916,
10943,4
1974,
21215,
14887,
4423,4
23885,6
25082,
252,
4734,
12199,4
26655,
14117,
11082,
3480,
25690,4
4712,
17195,4
2292,4
1012,4
17864,6 7
25861,
8088,
9833,
17162,
8789,
22556,4 6
927,
23615,
3046,
24304,
18817,
18873,4
25200,
22152,6 7
15630,
12114,
15814,6
3825,
14655,4
31045,
29209,
7474,4 6
12392,
27555,4 6
22764,4
11816,
15849,
27052,
17324,4
9065,
9394,4
11415,
29976,
5223,
15597,4 6
25093,
1843,
1810,
2544,
16058,
21392,
24682,4
16456,
26654,4 6
1031,
12492,
11081,
12713,6
7388,4 6
17673,4
21080,6 7
9478,
13745,
19704,4
15078,
11800,
6717,
23190,
16282,
6833,4 6
13802,4 6
5853,
2759,4
14037,
18244,
17533,4
16596,
12687,
12693,
7293,
4245,4
8436,
17806,4
5852,4 6
27024,4
12514,
18464,
30293,
8896,6
28215,4
3119,
30027,
29350,
235,
16074,6
19891,
28236,4 6
49,6
8637,
13700,6 7
2126,
13295,
11149,
26450,
11471,
28291,
4609,
2092,
5306,
30357,4 6
18558,4 6
18560,4
14284,6
4539,6
27299,
8417,
30834,4 6
16352,
1641,6
27771,
243,4
18760,
6656,4
8897,4
14188,4 6
30798,6
19041,
9242,
17620,
1365,
26021,
21146,
5782,
4757,
5686,
25945,
13698,
13150,
1454,
9117,6
21350,
21105,4 6
27019,6
19753,4 6
28220,
24636,
261,
14638,4
15424,6
22076,
16694,
6050,6 7
30588,
2591,4
20601,6 7
17358,
12715,
26919,6 7
7407,
174,4
27035,4
3309,
2685,
27851,
20597,4 6
24715,
23124,
26268,
6453,
7648,
11305,4
11313,4
28560,
5056,6 7
5970,4
13119,
4293,6
15622,4
14615,4
19864,4
17025,6 7
23503,
16481,6 7
30966,6 7
23299,4
3598,4 6
28455,
6640,6 7
10525,4
22094,
30159,
30062,6
25765,6
25835,6
11132,
19743,
12145,
16770,
26281,
27447,
31067,4 6
19834,
2714,6
633,4
409,
10878,
11034,4
23434,
14309,6
13588,
824,6
22270,
13956,4 6
28142,
11999,
1598,
7944,
21249,
23014,
24048,
954,
6112,
17398,
17465,
8949,4
8510,
21829,6
15842,
22722,6
1459,4
8564,4
18330,4
10900,4 6
14645,4
4535,6
29741,4
22271,
6659,4 6
3858,4 6
30933,6
10161,
8766,
28378,
22949,
4729,4
5558,
7714,4
1713,4
16429,6
4582,
4943,
21259,
930,6
6147,4 6
214,
1801,4 6
28235,
2310,
23930,
25620,
19279,6 7
699,
12578,6 7
28846,6
30750,
11559,4
2478,6
27773,4 6
14829,
23217,4
22883,
11636,
16416,6
8447,4 6
21737,
18405,6
4286,6 7
6527,
3353,
10487,
2321,
6864,
18086,
6055,4 6
19208,
10080,
6557,
2643,
8343,
23934,
13822,
4543,6
1239,6
11235,6
22612,4 6
2715,
29271,
19353,
29795,6
12692,6
12955,
7768,6
17373,
21469,
20010,
27997,4
25565,4
28947,4
27758,
26525,
8143,
26437,4 6
24259,4
29796,
18380,
22675,6
8676,
17703,4
17717,6
22736,4
25207,
27753,
15184,
10410,
21757,4
12607,4
9672,
2017,
13912,
1972,
25461,
8953,
20698,
10785,4 6
30776,4
7421,
14272,6 7
28339,
11163,
9129,
3343,
22508,
2523,4
16611,
23809,4 6
31037,4
10193,
5701,
28420,4
924,4
15061,
1792,
19224,4
4574,4
18460,
29866,
15274,
13422,
7266,4 6
30773,6
27920,
2111,
187,
14086,
19907,4
4151,4 6
22082,4 6
6616,4
21977,
23850,4
9934,4
4411,4 6
895,4
30192,
15581,
25658,
2207,4 6
9502,6
15353,4
3474,
19064,4
29454,4 6
19257,6
17289,
5923,6 7
24778,6 7
24272,6
24453,4
11954,
5485,
21131,6
8275,
13349,
15494,
2834,4
16203,
27211,6
28621,
12558,
8372,
8358,
11402,
30449,
18339,
3030,4
8893,
16586,4 6
18710,6
28086,
12936,
8113,6
29738,4
1999,
16696,
1504,
8178,4
5116,
26857,4
12121,
24069,
22897,
29550,
14679,
30717,6
21211,
5331,
12400,
29161,6
22830,
28371,
7435,
30893,6
25790,
15508,4
14176,
27594,
16870,
4638,
10253,6
30733,4
581,
2862,
5889,6
21627,
26291,
18580,
3510,4
27565,
9908,
24609,
19815,6
6091,
16913,
11583,
8235,4 6
25077,
16368,
2720,
23320,4 6
22010,4
8228,4
30611,4
8982,
22715,6
19476,4
2577,4
12653,
16877,
24922,
14477,
6462,4
27277,
13624,6 7
10145,6
23413,4
13143,
25563,4 6
4676,6
13470,4
7208,
14604,
4936,6
16505,
24083,
10663,
3425,6 7
11794,
18342,
7531,4
25735,
8478,4 6
11645,4 6
28517,4 6
23312,
29086,4 6
29028,
12282,6
1569,
18484,6
3058,6
3717,6
22806,4
30703,
17938,
23148,
24798,
1240,
9622,4
14941,
21552,6
3577,
15318,6 7
24057,
15754,
29779,6 7
29047,
259,4
13526,4 6 7
15949,4 6
20617,
6928,6
2476,6
1651,
3407,
25679,4
16835,4
9847,
13572,
26674,
3193,
199,
14716,
5529,4
26536,
22079,
26888,4 6
7169,6
20575,4
19868,6
6139,
15296,4
28624,
18857,4 6
1573,4
23617,
17412,6
17861,4
3583,6
18231,4
27436,
20466,6
19338,6
26935,6
2925,4 6
15415,6
15217,
10570,
10351,
1876,
15082,
15165,
19713,4
25767,
27013,
21098,
27007,6
4219,6 7
7334,
3613,
10169,
9493,
4448,
13941,
11374,
6637,
30470,6
20968,
1208,4
4470,4
2414,6
17263,4
12211,4
20072,4
14886,4
30658,
16705,
20294,
27550,
13916,4
15299,4
21763,4
5198,6
18972,4 6
22732,
12825,
7471,6
27939,
20719,4 6
12504,
23819,
758,
13389,4
13393,4
11964,
3629,6
8017,
15975,
24004,
2454,4
31012,
24591,6
26396,6 7
5512,6
7237,
1304,
2065,
23037,6
27674,
7455,
24685,
12425,
6837,4
24771,
12312,
12359,
5871,
2216,
5818,
16353,4 6
15307,
26554,4
3390,4
23145,
26121,
17730,6
4089,
28040,6
9924,6
24446,
12457,
28118,
5654,6
18566,
11482,
4315,6
11697,4
5139,
2429,
1152,
19550,
14980,4
15417,6
1038,
29159,4
17173,4
6145,4
22236,
12541,4
25218,
30766,
14215,4
13514,
602,6
14986,
28660,
19872,6 7
20158,
10892,
25996,
1232,
19956,
5622,4
22072,
5316,6
27262,
25528,
3616,
15888,
30299,4
11127,6 7
25099,
4703,4
22081,6
21012,6
2072,
18081,6
17941,
2261,
23187,4
7457,
8458,6
2002,
15338,4 6
18082,6 7
19540,6 7
2161,4
9889,
29953,6 7
13142,
2249,
18963,6
5703,6 7
29551,4 6
23106,4
6750,
24519,
4087,
847,6
14810,
20411,4 6
21255,6
28921,
19308,6
23911,
16476,
2250,
25324,4
10020,4
8544,4
20816,4 6
11168,6
5475,4 6
8322,
28955,4 6
3477,
8716,4
18111,4
28480,4
23974,4
16815,
3880,
7287,4
4781,
5695,
4591,6
11748,6
23030,
10984,4 6
13591,4 6
3945,
29116,
12005,4 6
25722,
31025,6 7
6231,6 7
19568,
7437,
10610,
12100,6
25726,
1396,
10542,6
13253,
1540,
1589,6 7
27723,6
20282,4
15658,4
21021,4
3078,
23531,
2393,4
8597,4 6
6635,
15559,
6710,4
20591,
22995,
26634,4
12333,4 6 7
14078,
24842,6 7
23822,
15799,4
8645,4
13101,4
1658,
8237,
24809,6 7
5600,4
4171,
27543,
3062,
23789,
15631,
21760,4
8616,6
3615,
22026,6
5083,4
14063,
10335,
1473,
4621,4 6
20790,
28881,6
29249,
11296,
18316,6
25085,4
12458,
7220,
29552,6 7
26749,4
12791,4 6
10074,
29400,4
21982,
26491,
27432,
4673,
24563,
26007,
539,4
29826,4
10510,4
13606,6
5792,
715,
12761,
9051,
24860,4 6
10267,6 7
23206,
5532,6 7
15411,
27377,6
1264,4
23668,6
4394,
19128,6
7149,4 6
22473,
14488,
14789,
11669,4
22324,
14815,
13848,
11677,
27856,
27960,
13511,
24321,4
19485,
19932,6
30508,
7873,4 6
30849,4 6
25431,
15954,
5312,4 6
13020,6
4951,
13541,
26524,4
414,
13405,6
6625,6
20243,
26872,4
14314,
14131,
4139,6
17550,
29194,
2284,
23815,
30932,4
22614,
13458,
9791,
21689,
12299,
7207,4
2508,
5087,4 6
18763,
30646,6
25355,4
13810,
1357,
11436,4 6
18807,6
8648,4
20447,
17287,
27911,4 6
27188,4 6
1329,4
19779,4
17814,
24298,4
3210,6
10584,
9395,4
10687,4
2076,4 6
15288,
22042,
4970,
26367,
9691,
19804,
5520,
2923,4
19528,
27730,4
4333,
2775,4
19383,
17134,
14764,6 7
15461,4
5947,4 6
2458,6
17216,4 6
11637,
5608,6
9774,4
5001,4
22222,
14996,
1506,
25424,
22402,
14279,4
17388,4 6
8960,
5422,
14509,
25816,4
9132,
28145,4
14049,
8334,4
22552,
32,
10513,
17196,4 6
16081,
30684,6 7
2787,
676,6
2264,4 6
26754,
30846,
14438,4 6
7588,
5280,
14693,6
15300,
30586,6
7704,
16260,6
5030,
2563,
3323,6
14500,
22966,
10612,4
2162,
4567,
3156,
6117,
13668,4
3438,
18670,6
4491,4 6
2434,
2507,4 6
15531,
24550,4 6
12883,4 6
13478,6
735,
11052,4 6 7
2066,4 6
14224,6 7
13120,4 6
15192,
6599,4
27468,
26311,6 7
8471,4
24485,4
22746,
17860,
13365,
2343,
24882,6
27266,4
2078,
28495,6
28054,6
3972,
10317,
24584,
23242,6
8466,
13010,
23489,
28013,
24305,4
3847,4
14210,
6406,
30596,
14741,4
29803,
15321,6
21281,6
30875,4
22227,
14599,4
16973,6 7
30335,
19860,
6000,
13337,
8909,6
29031,4
17978,
20789,
2693,
4082,4
13440,4
6820,
21048,
7535,
21041,6
16859,
22311,
10981,6
19613,4
14261,
24277,4
14167,
11708,
26452,
11303,
3209,6
21338,
30816,
27625,
21803,4 6 7
29018,
2525,
25590,
9840,
23223,6
12928,
20853,
22885,
21578,
3678,
7733,4
22613,4 6
19135,
26187,
19730,4
22420,
14836,6
1602,6
6708,4
20488,6
29828,
30613,4
28028,4
10603,6
24032,4
2742,
12762,6 7
21025,
211,
17337,
1992,6
2733,
17171,
22526,
22669,6 7
20388,
10222,4 6
29579,
189,
20284,4
1276,6
13311,
22946,
23783,4
14977,6
28288,
29128,4 6
12096,
26360,
1962,
9515,
8021,
9041,4
22433,
22982,
23566,4 6
3126,4
17962,
7387,
18429,
6113,
6509,4
26446,6
3410,6
17450,6
4754,4 6
24215,4
4611,
28053,
27591,4 6
27414,
17948,
13460,4
26412,4
25017,4
16639,6 7
26039,6
9245,
20800,6
12640,4
3442,6 7
1566,
28734,
12423,
30908,
12861,
18579,4 6
18000,
30483,4
25750,
9233,
7424,4
9379,6
12358,
6163,
5106,6
26273,
10167,
26395,4 6
50,
23128,4
3996,
27613,
9375,
25041,
30882,6
20553,6
7907,4
19960,
12981,6 7
8579,6
4919,6
2048,6
21863,4 6
15803,
6446,6
18247,4
19757,
27330,6
11667,4
2421,
12662,
13782,
3878,4
26788,
19125,4
225,
2556,6 7
27547,
30753,6
15019,
19526,4
13007,
2185,
1767,6
13352,4
24181,4
21416,
18664,6
16028,4 6
5789,
15853,
11608,
13250,6 7
1951,
3367,6
25043,
6162,
24556,
27774,6
10915,
373,
23738,6
20642,4
8689,
29817,
7152,
10477,
7432,
13227,
2270,4 6
17936,6
19238,4
2227,
14971,
17029,6
22238,4 6
7844,6
4800,
8299,
5694,
19462,
11958,
21464,
29868,
22273,6
10139,6
28105,6
13816,6 7
19386,
19004,
16227,
12534,
24029,4 6
13264,4 6
12854,6 7
9926,6
27926,4
11280,
1256,4
11625,4
24418,
22667,
29922,
20796,
7550,4 6
21819,
26278,
19857,6
23349,
24921,
19392,
2863,4
5858,
23068,4 6
23152,6 7
4148,6
16552,6
16698,4
13814,
15982,
23955,6
30429,4
25265,6
12432,4
4683,6
30000,4
9167,
5200,
21652,
30013,4
23820,
28108,
29464,
28529,4
7069,
26775,
11889,
15205,
9506,6 7
11987,4
6789,
28845,4 6
10428,
15683,
723,
30422,4
1966,
11176,6 7
19110,
1695,4 6
448,
7108,
5256,6 7
27422,4 6
19787,
5540,
15328,6
20801,
10155,4 6
14496,
30147,
1140,4 6
27889,
1338,
27187,4 6
5539,4 6
5730,
21111,
26573,
25817,4
15840,4 6
1257,4 6
13570,
20258,
23129,
111,
4094,4 6
28685,
26510,
29070,
18693,
28,4 6
9040,
7602,
381,4 6
22291,
25103,
4552,
20504,
23998,6
10442,
19405,4
7811,6 7
24912,
9950,
9640,4
25262,
6136,6
2018,
11518,4 6
18076,4
20302,
2741,
17821,
4452,4 6
13247,
19381,
27493,
7930,4
4687,4
16572,4
3204,4 6 7
12253,
6559,
29672,4
30373,4 6
8286,
18037,4 6
20962,4
9994,
17051,6
20221,
10960,4
25579,
9579,4 6
869,4
30082,4 6
17629,
13403,4 6
20116,
21023,
16951,
28956,
4370,
4348,
26033,
4778,
26100,
11674,
18563,4
15809,4
10846,6 7
7571,
5832,6
23282,6
28209,
29706,
29447,
7056,6 7
15449,
7986,6
16999,
515,6
58,
25063,4 6 7
11754,4
22,
6146,6
8412,
16314,
6440,
24045,
2853,
18142,
28262,
12404,
16327,6
2297,
2551,6
4878,6
30025,
4130,
21905,
23583,6
9225,
4128,6
21885,
7201,
7425,
16162,4
19747,4
5874,
20494,4 6
8200,
397,
6778,
20332,
18930,
11446,4
22919,4
8837,
18526,4
15429,
27953,4
29539,6
9656,
5265,
13031,4
9873,
15343,
26563,4 6
24744,4
1983,4 6
29290,4
27815,4
9,4
26138,4
27365,
9026,6
23647,
3448,4
19055,
4820,6
26480,
25070,4
25506,
10763,6 7
23179,6
10664,
13056,
14925,4 6
30161,
15096,
18213,
15114,4
27764,4
10747,4
22517,
11412,
21288,4 6
1029,
21138,
6456,
29582,6
18375,
27071,
20761,
10394,
3384,
19480,6
29988,
10391,4 6
14360,6
11311,
10585,
1875,4
18843,
20360,4
17348,6
1864,
30238,
4809,
4750,4 6
11481,4
25992,
16804,
13228,4
25418,6
9744,6
19980,
30467,4
29666,
25485,4
5147,6
13435,6
18782,6
8011,
6961,
12442,4
9827,
17771,
14671,4
13286,6
11678,
2666,6
6408,
11000,
678,
6601,
22784,6 7
14087,
22567,6 7
9598,
2955,
2410,
24699,4
3614,
8694,6
23510,4
18003,6
24242,6
17937,
3976,6
16830,4
15763,4
13579,4
15583,6
20073,4
24602,6
29770,4 6
21329,
21814,4
24077,6
154,6
10126,6
7507,4
18026,4
29381,
939,4 6
7468,
4056,
19870,
20747,
8816,4 6
24384,
22106,
24503,
21094,
22378,6
18864,6
1414,
20783,6
24164,
19644,4
11545,
354,
15248,6
25781,
26370,
6613,6 7
18428,
11479,4
684,4 6
1604,6
13671,
10924,
9492,6 7
16868,4 6
8333,
7371,4
3338,
26557,
25800,
24353,
1822,
18449,
9911,
22156,
3495,
23462,
8045,
406,6
6798,
9491,
7764,4 6
13229,
22055,
30514,4 6
336,4
21827,
604,6
27971,
21362,4
5990,6
1942,
30784,
132,
22500,
9190,4 6
6094,
13626,
12305,
88,
12767,4
11392,
12344,4 6
7882,6 7
8135,6
1285,
20029,4
5237,6
10291,
575,6 7
18887,6
28387,
863,
28574,4
21709,
20809,
10515,4 6
8615,
28090,4 6
27607,6
8683,
12924,4
23058,
8446,6 7
2835,
3636,4
30858,
5057,
988,
9865,
6822,4
4469,4
15697,
10418,4
28343,
314,
27747,
29917,
26029,
7486,6
12875,4 6
8475,
30340,4
6490,4
13449,
4916,6
18783,
28832,4
12576,6 7
20153,
9212,4
16890,4
14765,4
4588,4
10952,6
6713,4
14247,
7024,
17087,4
30737,
30884,
23988,4
17335,
10527,4
18587,
29638,
12491,
13274,
22342,
15489,
1572,
11219,4
10168,4
10426,
1282,
11528,4
30241,
9008,
12402,
20703,
18880,
11066,
12369,6
27381,
6523,
27343,
902,6 7
4253,
15612,4
13932,4
1377,
1626,
18842,4 6
3822,6
24673,
24506,4
18362,
18206,
13012,
21762,6
22200,
15753,
20323,
2784,4
21644,
5058,
23867,
654,6
30477,
15341,
26144,6
25534,
17609,
8518,4
507,
4942,
10779,4
28554,
1065,
22716,4
28738,
11676,4
15419,4
22756,
6461,
8984,4
10589,
14401,4
29596,6
5348,
23227,4
15808,6 7
8967,
6982,
2836,
6804,6 7
57,
22300,6
1121,
9202,6 7
10377,4 6
19736,
8310,6
15668,4 6
20230,6
11099,4 6
17158,
9443,
1301,
19688,4 6
30035,
14005,
28447,6
10364,
24834,
13006,
9138,
1961,6
27240,6 7
29830,6
6153,4 6
12585,6
30957,6
21367,
7429,6
28925,
14502,4 6
4482,
23758,
1978,
13487,6
14060,
762,
24332,
9017,4
30810,4 6
22542,
31035,
8208,
12907,
18150,4 6
27632,6 7
19409,4 6
1323,4
5154,4
15706,4 6
4660,6
16829,
11963,
21379,
21719,
7117,4
10202,
1173,6
27656,6
17725,4
11684,4
8308,
13023,
11056,
12986,4
7197,
7395,
24358,
18924,4
9947,
6669,
20088,
23140,
11788,
6259,
20644,
4526,6
24317,
29010,4 6
18519,
6126,
13598,
26243,4
2930,
8454,
17905,
3882,4
21157,4
12994,
25302,
1221,
31053,4
2694,
4933,
5041,6 7
2274,4 6 7
18523,4
9042,
19065,
17298,
17564,4
1575,
20849,6 7
10723,
27521,
19805,4
9606,4
13684,6
20111,4
25513,
4204,
7110,6 7
2701,
7673,
27727,
20034,
10790,6
20056,
18885,6
20951,4
12954,
14664,6
23762,
15332,
24193,
4772,6
27763,
29258,4
18059,
17270,
23476,
13156,
5437,4 6
9449,4
77,
5476,
24022,
11953,4
9792,
14495,
969,
10839,
23257,
27206,6 7
421,
11267,4
14196,4
31020,
28391,
5165,
25502,4
19614,6
29376,
15966,
7044,6 7
4497,6 7
1908,4 6
15516,
18701,
8067,
21566,
28146,
4694,
14927,
23551,
8159,6 7
29608,6
9905,
5323,
22032,
5487,
910,
6685,
5501,6
2488,6 7
30981,
19806,6
11787,
8686,
20656,6
3088,
3691,4
12746,
16434,4
28951,4
28781,
19292,
29933,
18607,
20556,
26847,
21567,
24756,4
5296,
24217,
23386,
14772,
27244,6 7
25775,
4255,
27169,4 6
23596,
5876,
8950,6 7
23392,6
27018,6 7
12382,
4596,4
15024,4
21393,
20835,
16738,6
19610,6
24010,
16117,
24679,4 6
13016,6
26673,6
23304,6 7
5074,6
29091,
16447,
4824,
14103,
17251,4
24889,4 6
14731,4 6
3050,
9240,4
9489,4
22845,4
7905,
25648,
14057,
30548,
15485,
12776,
2558,
6646,
25108,
14149,
24631,
6085,
86,4
29652,4
17873,4
26986,4 6
10996,
17997,
8326,4
4323,
6715,6
9440,
28034,
22254,6
20810,
28477,
17590,
29384,4
2110,
12885,4 6
585,6
15972,
9452,6
5053,6
15421,6
24541,
18640,
12276,
695,
8584,4
20942,
21626,4
16544,6
17893,6
29367,
22147,
22417,4
12512,
5209,4
9646,
4124,
8721,6
8898,
24515,4
22131,4
2425,
23264,4 6
2894,
25854,6
9505,4 6
17115,
21483,
15368,
14186,
1129,
18227,6
23427,
4405,4
5891,
7442,
18793,
29277,6
16343,
21210,6
17820,
24062,6 7
4880,6
25425,4
5713,
19788,4 6
18567,
5033,
15806,
5495,
23134,6
15351,
1203,
13755,
16023,4
20213,
4508,4
26261,4
1047,
10108,4
7046,
25180,6
21383,
1021,
14252,4
21630,4
31014,4 6
6319,
8370,6
14556,
24082,
23174,6
10851,
20813,
26730,6
15346,
1881,6
24841,4
22672,4
10152,
26255,
29568,6
2056,4
25599,
4661,
13384,6 7
8505,4
5,4
11373,
9818,
13178,4
13854,
19952,
1487,
8483,
26528,4
4032,6
3091,4
16941,4 6
28226,
15760,
14398,
1574,
16323,6
8081,4
16903,
30666,
23368,
23597,
573,4
9337,
6530,6 7
23823,
10635,
9465,
7740,4 6
29840,
15006,
9983,6
23825,4
22056,4 6
10770,
17140,
14021,
12411,6
19940,
17436,6
5967,
21186,4
14281,
21843,4
26209,4 6
9933,
1066,
22161,
10324,
6345,4 6
6203,6
16910,4
11704,
30395,
25332,
1823,
4966,6
28315,
26833,6
14054,
23642,4
8921,4 6
23753,4 6
22879,
30165,4
8874,
5497,4
22461,4
129,
28158,
18530,4
18275,
12887,
14632,
18850,
6755,
8421,
30926,6
26816,6
14248,4
20694,
7857,4 6
27675,
291,
14105,
13254,4
24479,4
18750,6
5073,
23558,
11595,
21587,
6598,
30036,6
22347,4
24660,4
28992,4
16863,6
10660,
17267,6 7
16583,4 6
907,4
23666,
7956,4
7483,
8566,
30669,4
23137,
29593,4
23297,6
2259,4
10648,6 7
22306,
1696,
16424,
9330,
13958,6 7
22441,
4833,
13783,6
26406,
27609,
20675,
28833,4
15903,4
11673,
28844,
21322,
12768,
801,4
9358,4 6
7210,6
1895,4
13055,6
1690,4
14504,
16771,
19424,
23074,6
28335,6
30622,6
26409,
13343,6
22277,4
15481,
23945,
25891,
23961,
3418,6 7
8441,
29541,6
568,6
18650,4
513,
24545,
6839,
6786,4 6
24707,
27831,
15276,4
27340,6
10295,
16210,6
1016,
26929,
3594,4
10345,6
16649,6
22573,
12245,6
24106,
6647,
28793,4
2105,
14659,
23396,6
9980,
18680,6
29739,4 6
1753,
12345,6 7
22304,
29961,
2599,4
5161,
14937,
8148,4 6
25547,
2490,
27449,
24906,6
9871,6
10696,6
28765,4 6
9095,
16015,
9024,6 7
7911,
10518,6
26220,
26093,
27235,
5893,6
4230,4
814,
4906,4
5118,6
27386,4 6
3404,
2504,4
26599,
5192,
13038,
22198,
5719,
1431,
6048,
6999,
12146,4
19937,4
1436,
2952,
18093,4 6
7497,6
12673,6
11913,6
10256,6
2697,4
17755,4
22577,
4999,4
1932,4
13316,6
8368,6
24958,
16035,
28807,
23408,
23682,4
22506,6
24101,
22442,
5553,
9610,6
16068,
29392,
4647,
26056,4 6
23600,
27198,6 7
20608,6
11134,
14707,
26625,
21238,6
11813,
9090,6
13883,4
13716,
18220,6 7
2669,
28908,
26081,
22610,6 7
25625,
18571,
25007,
30331,4
17510,
3100,4
8496,4 6
26053,
27936,
30423,
9708,
9577,
219,
20549,
5493,
28571,6
5012,6
9303,
25985,
12046,4
4106,
24781,4 6
1043,
23043,6
16350,
28719,
5753,4
18831,
27996,4 6
10151,
4054,
29611,6
23881,6
24410,
11327,6 7
25979,
8914,
13547,
13276,6
6287,
25577,6
30581,
21584,6 7
22215,
20418,
16534,6
1699,
16882,4
7500,6
28596,4
9301,
13152,
26339,
24397,
16385,
14413,
20369,
466,
20870,
11744,
14025,4 6
8433,
10957,
26579,
21334,6 7
30220,
600,6
9626,4
4295,4
13258,4
18407,
27580,
27442,4
23585,4
20807,
15021,
23011,4 6
331,6 7
22064,4
17508,6 7
8990,
15690,6
17856,6
11140,
13191,6
2815,
15015,
10777,
21751,4
2171,6
17285,
22943,6
18933,6 7
4069,
4109,
16776,4
30526,
30850,
19217,4
4580,6
2441,
2533,4
17194,
26893,
22589,6
12110,
24620,4 6
2196,6
16442,
11407,4
11476,
20163,
19682,4
4133,
22874,4
21672,
2796,4
8189,
17810,4
12664,
13122,4 6
4415,
20132,4
29215,4 6
4049,
20717,
3869,
9483,
14322,6 7
27784,4
18253,4
29991,4
30150,4 6
1249,
12412,4
16689,
10464,
28936,6
30865,
6861,4
3750,
23578,4
11988,
3280,
5075,
21807,
10879,
30799,6
16784,4
2150,
12641,4
16487,4
22122,
119,
11881,4
18318,
23941,
12249,4 6
8760,
27563,
30844,
24766,
22601,
24943,
24851,
6291,
2582,
12486,
17425,
31032,
5598,
11895,
24137,4
11408,
24933,
9414,4
23010,4
2071,
30080,6 7
29017,
28785,
23541,
8665,
12430,4
10941,6
14134,
6705,
353,
3877,
7804,
8085,
30217,
1666,
14788,
10617,6 7
22203,
24231,
9733,4
4262,6
14065,
17257,
25257,
17282,
12451,4
14007,4
845,
18333,
16528,6 7
101,4
14515,
20184,6 7
24244,4
28251,
8983,
21460,
29197,
26011,
1049,4 6
22696,
13269,
24561,4
9665,6
30828,6
5182,4 6
17729,
25868,
8183,
8166,4
13347,4
12234,6
17694,4
30917,
18161,
10194,4
14952,4
15426,
22603,
5412,
11521,
7577,
18912,
319,
30201,4
28010,
313,
22744,4 6
11536,
908,
12496,
2263,
14673,4
5665,
29132,
26432,6 7
29247,4
21831,
31002,
5877,
25955,
8886,6
9669,
23545,
4825,
28707,
27879,6
26555,
21364,6 7
19750,
15380,6 7
8039,
25530,4
14475,
8181,
22014,6
9121,
23457,
17765,4
15628,
4472,4 6
18267,4
7195,
18893,
24852,
29178,
3349,6
9741,6
4534,6
20573,
23344,
9758,
24349,6
27795,
9343,4 6
3014,6
8394,
16488,
24782,4
23854,4
7244,
3630,4
8554,4 6
8757,6
12390,
20689,4 6
25877,
29742,
22910,
14994,
26274,4 6
12714,
10257,
7461,
26807,
10099,
5729,6 7
14587,
12681,
26445,
11567,4
17494,
9178,
30048,
27149,
4600,
21473,
23438,
25560,4
5366,4 6
26725,
28188,
28932,
24553,
8010,
16150,
11375,4
16977,
16553,
21501,
7876,6
26666,6 7
28081,
23708,4 6
15160,
28044,6
21711,4 6
3632,4
24323,
19523,
29294,4
10011,
11946,6 7
20661,6 7
15442,6
7350,
30705,6 7
27755,4 6
14299,6 7
22775,
6533,6
24115,4 6
9955,4
30398,
14357,
7860,
26663,
20371,4 6
8739,4 6
23495,6
19548,
23866,6
26617,4
30393,6 7
22782,
19938,
6916,6
12296,
11968,
27077,
26325,
22049,
6631,
4937,
29370,
14735,
14698,6
24955,
30151,
30681,4
6370,
26541,4
12162,6
477,
12489,
1379,
25857,
5615,
8531,4
20279,
14589,
21723,
1254,4 6
2081,
15470,6
16954,
2575,
15545,
22133,4
19900,
6922,6
30746,4 6
22393,
7772,
15731,
24419,
9997,
21032,6
11370,
20215,4 6
24653,
7482,
28651,4 6
28667,6
27017,4
26086,4 6
21926,
27289,
7863,
10304,4
5462,4
18463,
29687,
8247,
26057,
24315,
836,
4658,6
3185,
22749,6
17125,
21800,
20039,4 6
6304,6
1789,
5375,
26003,
23192,
13332,
26099,4
24202,6
4284,
4868,
4401,
9664,4
5044,6
4152,
26724,4 6
23695,
16594,
12000,4
30120,
1652,
24502,4
6887,
25442,
194,6
2883,
20100,4
26797,
1743,
10492,6
13100,4
10706,6 7
14803,
153,6 7
20186,6 7
31019,6 7
21940,
18593,
25988,
3376,
8918,
17545,4
13308,
959,
2572,
8150,4
2943,6
13387,
13699,6
24286,
12726,
12151,4 6
19562,6
25339,
12278,4
4675,
15997,4 6
4548,
26514,4
1954,6 7
15541,
30809,
16248,4
274,4
28952,
22206,4
19267,
17297,
8927,
22150,
19307,
16651,
22035,4
28261,4
25672,
44,4
164,
9727,4
15450,4
8214,4
10383,
24183,
22908,
15800,
128,
29980,
17086,
497,
26185,
30274,4 6
5822,6 7
4654,
10331,4
548,
26812,
26461,
19009,6 7
25783,
15615,
435,4
12631,
10034,4
24097,
20987,
21866,4 6
15818,
27092,
12770,
9074,
18994,4
11160,6 7
3040,4
2363,4
26772,6
30026,
17823,4
28531,
23586,
25931,
1083,6
30128,4
7549,4
30712,
1780,4 6
12187,4
23938,4
1827,
15324,
27212,6
15985,
14179,4
10292,
22518,6 7
15292,
15490,
12150,4
28428,4
21508,4 6
14609,4
8521,6 7
20438,
7746,
8477,
27039,
16070,
950,
18444,
20499,
28635,
21154,
14997,
28493,4 6
20404,4 6
5325,
1247,6
3574,4 6
22926,
546,6
3558,
2229,
20508,
30203,
7485,
8383,4
29136,
2631,4
9525,4
11172,
11603,
4780,4
15983,
11556,6
14708,
21736,4
1243,
16991,6
22948,6
3139,
28438,
20531,
17064,
3514,
2651,
12147,
13165,
11860,
7443,
19635,4 6
10293,6
18358,
28704,4
27197,
10232,4 6
469,
13436,4
29732,6
17847,
7605,6
19611,6
5846,4
17748,4
27514,
17307,
1245,4
13358,4
9880,
29331,
483,
24495,
19212,
18160,
16099,
6737,
4031,4
26052,
14150,4 6
3671,
3306,
20868,
21837,
10174,
15390,4
11433,6
24034,
21839,
7430,
218,
22758,
18325,
14565,
16095,
28485,4
11984,6
501,
18169,4
2020,
21056,
16007,6
1808,
20310,4
20541,6
24902,
24470,
2795,
21431,
7299,4
9907,6
1474,
30490,
28869,
7501,
30019,
11829,4
30167,
5785,4 6
10908,
637,4
10484,4
8424,4 6
702,
5671,
29065,
15886,4
22486,
29286,
21937,
16057,
7088,
9360,
1718,4
8058,
29895,
16937,6
30440,
12472,4
9996,
18946,
10797,
74,4
9582,
13019,6 7
6872,
8362,4
4060,
28419,4 6
9561,4
1034,4
28184,
20823,4
5868,
8824,6 7
29853,
14626,4
13126,
9436,
28365,
10091,6
30502,
2339,4
13208,
30873,4
25921,6
6684,
28933,
17964,
4787,6
4686,4 6
25734,
30256,
12904,
19178,4 6
30374,
28673,
5094,4
14866,
8455,
15391,4
21844,4
31026,4 6
5614,
10975,6
15317,
18913,4 6
1568,
24303,4 6
16378,4
5120,
5867,
6023,
29530,4
15451,4
26340,4
29553,
9887,
10421,4
11086,6
30317,
29645,
3470,
27323,6
9730,
20973,6
17916,
23675,
24460,4
7870,6 7
3433,
14298,6
13812,4
18309,
2650,
7364,4
23474,
6772,
1547,
14888,
23763,
29845,6
14039,
7671,
27231,
2505,
27647,
30857,
17800,
7143,
745,
28625,
26130,
7199,4
24717,6
5702,4
20542,4 6
27446,4
24198,
12256,
3764,6
17225,
3059,
9637,4
17966,4
28812,
17434,6
14841,
6688,
11975,
26199,4
17953,6
15091,4
5066,
23508,
1619,6 7
29123,
10017,
29361,6
12045,
18458,4
20571,
11973,4
15961,
18431,6 7
15472,
27586,6
6193,
9684,
29755,
10998,
5089,
2300,4
12206,4
20577,6
26040,
17445,6 7
21869,
29733,
28840,
11049,
17920,4
16401,
12914,4
20621,4
24891,6
4421,4
16092,4
30255,4
13890,4
18282,
7820,4
9872,
6390,4 6
4183,
9861,
14326,
4300,6
5801,4
11692,6 7
666,
4157,
19666,
809,
23776,4 6
28868,
4483,
25886,
6422,4
489,6
6575,
6895,4
23575,4
10190,
2329,
19260,4
17891,6
2118,
2452,
8841,
24875,4
3345,
24770,
12577,4
19072,
20264,4
14311,
8098,6
21108,
1861,
9107,
11368,
22065,6
19590,6
17095,
30162,6 7
24204,4
30258,
5786,
11702,
1491,
5219,
14341,4
13731,4
17011,
9356,
23577,
26390,
30206,
25970,
28049,
22568,
14486,
11054,4
5926,6
17253,
24599,
8662,
4418,4
11875,
21002,
6232,
4181,
28579,
3389,4 6
29569,
27367,6
13752,
6373,
24924,
21624,
10227,6
12584,
24476,
7414,6 7
9010,4
6363,
1014,
9701,6
24505,4
22951,
23027,6
8869,
371,
13963,
30011,
26088,
29187,
19716,
6155,
2200,
9122,4 6
26861,4
13355,
917,
12019,4
20659,
4537,
28141,4
2841,6 7
20200,6
8337,
1548,
5599,
20290,4
15851,6
1219,6
17854,
29109,
22528,6
191,
16342,
3469,
24714,4
2751,4
10003,4
2988,6
6694,6
22326,
5177,4
13726,4
24258,4 6
1637,4 6 7
645,
8906,6
6226,
391,
7295,4
15473,6
30369,6 7
11728,
20225,4
24325,
12419,
16622,
21443,
22954,
1759,4 6
25291,
16518,4
26386,4
17290,
15599,4
19692,6
14848,
2945,4
11880,
21120,
1267,
1117,4 6
24862,6
9822,4
4416,
23301,4
24826,4 6
7637,6
4794,
9715,4 6
10951,
24218,
25514,
7150,
23130,4 6
25593,
2792,
14055,6
6272,4
13944,
6932,4
14540,
21428,
29760,
8242,6
25282,
24235,
29078,6 7
12876,6
26069,
20318,4
20204,
11639,6
15709,6
7628,
10788,4
5343,4 6
6549,
2055,
21665,4
3541,
27431,
6660,6
21812,4 6
7563,
26581,
10106,
25688,
14442,6 7
11734,
3164,
29806,
23079,4 6
14506,
27946,
23232,
631,
14130,4
25386,
20070,
7646,6
30341,4
18273,6
1344,4
26648,
17345,4
18878,
16047,
19637,
26299,4 6
13030,
2233,
15879,
9425,6 7
21833,
15083,4
23048,
22105,4
10453,
9171,
19721,
26122,
25172,6
25030,
1900,
821,
12367,
20179,
587,
15314,
4610,4
23690,6
25515,
14333,
24200,
5452,4
30388,
2366,
15269,6
22704,
20387,
9165,
27677,4
22066,
19664,
11474,4
1758,4
24033,6
30410,
13795,
23183,
13053,
19985,
27874,4
22338,4
28140,4
18196,
30935,
1607,
22992,6
28692,4
28498,4
28731,4
30827,
16700,6
29121,4
18614,
28716,
12243,4
28537,4 6 7
16085,6 7
24368,6
29536,
4714,6
22962,
10609,6
2146,
15033,
12695,
7248,6
385,
20928,6 7
10789,
27775,
30660,4
1628,
6308,6 7
5978,
30049,
18413,4
1069,4
13959,4 6
24388,
13104,4 6
18668,
7102,4
15468,
4625,6 7
9020,
618,
18386,
14050,
25140,6
8690,
3230,4
20386,6 7
11950,
6543,
1300,
27845,4 6
681,6
17183,
21237,4 6
11379,
1039,6
21671,
30719,6 7
18495,
22462,
10431,6
5353,6 7
19387,
15277,
30796,
30554,6
17047,6
22661,
24136,
25826,
23295,
14313,
1952,4
12281,4
14317,6 7
29233,4 6 7
11425,
1387,6
23547,4
10680,
22597,
22339,6
17549,6
19671,
26737,
24324,4 6
23226,6
10301,
15705,6
29722,
4449,
3740,
4592,6
8380,4 6
20028,4
3380,4
7260,
1375,
333,
19628,6 7
7314,
26018,
23056,
29994,4
30309,
24691,4 6
22762,
21683,
21976,
17109,
5788,6
19335,
12272,4 6
1816,6
5997,
29623,
29461,4
26763,
17612,
15796,
1969,4
10579,
11878,
17514,4 6
4773,
28415,
18409,
5007,
23109,
18397,
4050,
9868,
16533,
22964,
23199,4
26911,4
18310,4
11823,4
6356,4
19884,
25825,4 6
20277,4
19133,
22636,
8170,
22898,
33,6
8525,
30728,4
293,
2745,4 6
5250,
2479,6
1977,4
2940,
26768,
26656,6
20477,
3282,
27577,6 7
24212,
1919,4
29135,4
30267,
9940,
24110,
17375,
30421,
29506,6
28841,6
12259,
362,
18725,
6441,
25614,
4202,
11976,
20180,
4288,6
20253,
29678,
21386,6 7
478,
4305,
7978,6 7
29260,
6799,
16690,6
23705,
14278,4
630,
19044,
17418,
21446,
12044,
5697,
8494,4
5958,
30805,
10644,4
23581,
15456,6
20489,
24206,4
4127,4
7132,4 6
1528,4 6
28964,
1161,4
11020,
6763,6
9437,4 6
8985,4
15291,
30755,
18042,
7469,
9014,
21715,
30567,4
8493,4
19315,4
8905,
19748,6
22315,
23362,
3788,4 6
17409,
17442,4
18987,4
28100,
28218,
25141,
17651,6
25524,6 7
10686,4
21268,
19987,
5064,
17701,4
29273,6
23742,
8224,
22216,4
1435,
22164,
25551,6 7
18123,
9885,
21750,6
13529,
27895,
25390,
9185,6
27091,6
3085,6
23980,
7861,
1828,
9857,
7390,
3576,4
1001,4 6
9692,
4058,
19742,
1456,6
30768,
23375,4
27400,
16061,
11259,
21743,4
7270,
19059,
18928,4
30248,4 6
21840,
27931,4
8695,
15350,6 7
12569,4 6
9984,
9530,
23863,
19190,
7034,6
4278,
28784,
2315,
24720,4 6
24817,4
22538,
9794,
748,
29074,
13029,6
30323,
29878,
13081,
1393,
11465,6
21536,4 6
20140,4
7782,4
5980,
13998,
8617,
3307,
13957,
27130,
14973,4
27978,
30386,
12209,4
24521,
7041,4 6
11578,
8583,
10799,6
15098,4 6
25706,
10699,4
15826,4
20752,
25477,6 7
18056,6
16547,
17594,4
26800,4 6
12648,
24066,4 6
13564,6
11269,
29412,
7496,
5805,
38,4 6
21256,
4624,
19604,
3696,
1481,
7368,
6186,6
10315,6
25471,
20448,
4136,
16522,6 7
14245,4
23767,4
12831,4 6
2349,6
11799,6
16455,
19819,
6035,
24288,6
2144,
16526,6 7
5884,
21400,
24252,4 6
8104,4
2736,
17473,4
662,4
28653,4 6
2443,
1313,
17931,4
18496,
20035,6
29179,
1570,
15505,4 6
1214,
23062,
26801,4
27430,
3997,
5736,
23111,
10727,6
4488,
16005,
24867,
8186,
30910,4
3439,6
11277,4
20958,
19893,
10176,
19461,
21286,4 6
7209,
25034,
7661,
16857,
23898,
4172,
8720,
1446,
1993,
730,
28093,4
24381,
27438,
22958,
4493,
22330,
12589,
14962,
17512,6
30426,6
26610,
23620,
8533,
8954,
8723,
4159,6
16924,
17240,4
20478,4
4590,
10776,
26163,4
13986,4
20066,
16898,
25903,6
17567,
19259,
1292,
3924,4 6
13942,
17331,
19782,6 7
16514,6
30131,6 7
29891,
8595,6
26233,
16409,
3097,4
26139,
1782,
18293,
754,
29955,
30365,4
10209,
25864,
27820,4
25711,4 6
28594,
6002,
19585,
22853,
20871,4
16683,
9474,
4409,
5685,
7402,
8444,4
22370,4 6
8722,
18071,
25646,
29008,
3742,
13603,6 7
16135,
3876,
17592,6
1711,
4986,6 7
28976,4
17719,
27481,
27765,6
10627,6
6294,
25411,
29372,6
6781,
25097,4
26517,
6251,
13261,
15048,4 6
23827,
22040,
20340,
23847,4
23893,6
24688,
29092,
22849,4 6 7
6417,
24866,
29545,
18305,
18088,4
6827,4
9821,
26143,
24390,
22814,4
26333,
1678,
23599,6
7298,6
20705,4
27603,
19991,4 6
24246,4
20657,6
17581,
2979,6
17303,
21213,
3443,
26490,
8402,4 6
29325,4
5857,
19970,6
4829,
12827,6 7
5262,4 6
22857,
26150,4
12064,
24273,6
15378,
2546,
4426,
10476,
1795,6
20401,
28486,
29052,
16714,4
21690,
11533,
26922,4
10743,4
1571,4
27509,
6104,
8902,4
3620,
9654,6
5155,
21301,4
15123,
17353,
6080,4
26059,
16679,
97,
23632,
983,6 7
1946,
25447,
4017,4
3728,
3140,
6152,4 6
15640,4
5659,
14696,
4546,
22623,4
2,
10004,4
4456,
14774,6 7
19911,
19923,
19427,
18414,4
24705,
3158,
25913,
27517,
19897,
28176,
13938,
28637,
9859,
12416,4
21104,
7271,
3572,
20552,
25107,
19432,
12999,
14828,6
2684,
16281,4
27701,6 7
2267,4
16958,
20937,
10581,
14217,
13885,
25351,6
5510,
20797,
13525,4 6
3730,
19232,
66,4
12339,6
26701,
13201,
6076,4
8059,4 6
14809,4
28578,4
30196,4 6
10211,
15907,6
7642,4
17574,
28606,4
19321,4
19165,
19031,
18794,
8965,
12912,
27957,
21191,
29152,
21956,4 6
3953,6
11174,
11901,4
2618,
5606,6 7
25365,6
993,
24920,4
5592,
16654,4
28295,
12207,4
12347,
30344,6
26532,4
3244,
16022,4
5063,4 6
3248,
13857,
11670,6 7
7694,
11495,6 7
10507,6
18599,4
8795,
6025,
10271,
275,6
30434,4
24328,
5402,6 7
15084,
20723,4 6
23700,6 7
10007,
27161,
7095,
13750,6
17607,4 6
29936,4
9543,
26769,6
20127,
24171,
2932,
21730,4
9364,
30084,4
11390,
22503,
10055,
16663,
115,
3771,
5680,6
4001,4 6
30585,
26113,
14148,
28325,
28008,
30881,
26903,
17614,6
25268,4
18616,
18611,
28328,
3595,4
15835,6
19888,
22319,6
11237,4
9170,4
27120,4
8218,
17078,6
14076,6
16997,
10512,
17787,
8911,
22368,6 7
6377,4
11247,4
24342,6
6783,
12972,4
17690,4
6650,6
11502,4
9586,6
6317,
17799,4 6
1195,
16972,
1428,
14858,4 6
9009,4
26570,4
23661,
19399,
8177,6
22642,6 7
23067,
9970,
13313,
20977,4 6
11689,
8514,
9141,
30963,
3506,
9644,
9602,
2528,4
29124,4 6
5281,
30888,
13499,6
10258,
3677,
4135,4
13402,4
298,
1729,
1196,4
13089,4
16408,4
133,
21030,4
6747,6
18553,4
23162,6 7
25794,4 6
5772,
7955,
19720,
21040,
24432,4
17789,
21983,
310,
26454,
11248,
2907,
29077,4 6
19382,
13800,
15496,
25168,
12866,4
11762,4
140,6
8413,6 7
12105,
14425,
3004,
1055,4
22044,
20993,6
1230,
231,4
24052,
9405,
6045,
21534,
21635,
15881,
23330,4
23548,
11499,
29248,
3350,
11484,
25120,
22002,
9409,4
22452,
17921,4
15891,
14491,
21797,4
13539,
3160,
21970,
12642,
14042,6
30075,
7214,
26631,6
19121,
8102,4 6
4367,4 6
18404,4
23151,
23212,
27731,
24201,
23971,
12024,6
10624,
2222,6
7638,
15016,
1445,6
24723,6
17053,4
25156,
25274,6
22745,
250,
5827,
9204,
23447,
9037,
20572,6
22529,
24738,
29022,4
19150,
22199,
19329,6
5528,
19967,4
3602,4
13769,4
12821,4
14649,
28705,
1975,
56,
15126,
22906,
5398,6
9707,
19071,
22502,
20458,
27363,
2257,
11826,
21882,
15914,
1967,
30045,4
22362,
27711,
11418,4 6
1099,
9102,4
932,
12219,6
13085,6
17968,
2678,6 7
13531,4
13057,4
24537,6
10540,4
9807,6
8324,
27712,4
29063,6
28195,4
17583,
19363,
26468,6
5712,4
23388,4
12862,4
7278,4
11057,6
26927,
6788,
2154,
14967,4 6
24606,4
16439,
13428,
23935,
4665,4 6
20721,
19211,
17713,
6460,
28453,
23153,
24383,
8225,
29642,
2469,
28169,
24477,
6007,
27452,4
1559,4
1095,6
8671,4 6
18789,
5242,4 6
15977,6
12338,4
6990,
15254,6
4299,
20220,
12923,
23793,
21558,4
13662,
8750,
17760,
18321,
16584,
28435,
1354,
3260,
10182,4 6 7
10872,6
23900,4
19930,
18973,
24789,6 7
6229,
9883,
29610,4
20636,
13711,
18508,
11299,6
4168,
22747,
20431,
13743,
3360,6
26720,
29592,
15700,
26393,
21064,4
23625,
6110,4
22776,4
11777,
14874,
784,
24074,
17637,6
30628,
21294,
8205,
24986,
21060,
23147,4 6
8409,
25548,
23286,6
30252,
13039,
22332,
16902,6
6551,
3888,4
3590,4
21370,
15772,
6227,
6593,
27538,4 6
4196,
6015,4
1220,
30951,4 6
15463,
7354,
27840,4
11994,6
29751,4 6
29040,6 7
14228,
1074,4
29499,6
27983,
5090,
27605,
10457,
4097,
10850,
8167,6
20485,6
1052,
17906,4 6
18541,6
9189,
664,6 7
19814,
9480,6 7
25762,
6663,
13997,
19478,4
18877,
19835,4
4993,4
3523,6
19130,
29728,
23281,4
23224,4 6
18907,
4932,
16775,
28014,
11005,
8727,
900,
15239,4 6
24946,
20832,4 6
4164,
3451,
21062,6
28144,
13534,
30994,
25656,4 6
18468,4
6197,
10110,6
25661,
453,
26511,6
14657,
15787,4
5113,
19803,
19143,4
740,
10400,
7446,4
18654,6
14239,
5908,
17471,
10354,6
19975,6 7
12846,4
12793,6
24979,
5386,
19603,6
15537,4 6
27941,6 7
14899,
3528,
8524,4 6
6383,
19705,6
228,6
10726,4
20402,4
195,6
12294,6
15931,4
20909,4 6
22561,
12203,6
2026,
23771,
28183,
16261,6
17349,
1686,
25527,4 6
4501,4
6749,6
30826,
28575,6 7
10175,
16404,6
28813,4 6
2001,
29477,
2486,4 6
31028,6
6058,4 6
29105,6
26012,
29899,
17774,
8618,
27311,4 6
7403,4
14529,6
7718,
4831,
10081,
13491,4
1279,
11096,6
30775,6
18297,6
11489,
20854,
7023,4 6
4705,6
15927,
21951,4
25721,6 7
28203,
13309,
20150,
800,4 6
18379,
28722,6
24747,4
11141,4
28761,
26518,
11383,
2679,
20712,
28057,
2809,4
14570,6 7
12658,
24731,
25509,
16962,4
4893,4
12106,
6522,4
29056,
21129,4
17227,
25780,
17174,
28942,
30683,
2247,
27593,6 7
12764,4
2211,4
46,
2514,
11597,
12657,
6801,
18277,4
28389,
7120,
29657,4
14001,4 6
17487,
25466,
8975,6
21421,4
19836,4
25778,
14919,4 6
30141,4
24727,
22497,4
16241,4
16276,
13163,
1248,4 6
9673,
15793,4 6 7
18847,
18775,
9369,
27217,
10734,4
24510,
23270,
26586,4
7665,
3588,
17727,
4521,6
16620,6 7
11660,6
10266,
4334,4
20981,
18020,4 6
16670,
25366,
29694,
21497,
1398,6
20475,
27233,
5384,
19992,
9514,
21582,
29612,4
10470,
26564,4 6
18774,6
22246,6
8469,4
16861,
8319,4
21739,
16943,
27805,4 6
20434,
18109,4
2228,
12939,4
8440,4
18451,4 6
28256,6
9777,
9244,
31065,
21106,
20934,
25285,4
19964,4
23390,4
15525,4
5307,
7996,
888,
9012,4
6295,4
12601,
22159,6
24696,
10934,4 6
17630,
24726,
12815,6
29785,6
17027,4
28767,
5173,
1169,
30655,6
19849,4
24234,
7445,6
4515,
18748,
27119,4
16036,4 6
15804,6
7341,
21348,
26902,
593,
24301,
12235,
16389,
5461,
26024,
16191,
29316,
13293,
13427,6
24587,4 6
21733,6
18415,
20744,6
29034,
23039,6
25330,4
12652,
15200,
2128,4
13926,
13886,6
23595,6
4730,4
27816,4 6
23095,4
24990,6
1197,
18683,4
11634,
6970,
2766,
15077,
16615,4 6
19318,
28552,4
2140,4
29236,4 6
25491,
16328,
3970,
12179,4
21646,
15418,4 6
367,6 7
19210,4
15282,
30657,6
18139,
23729,4
26119,4 6
3601,
16854,4
13105,
10425,4
23910,
18024,
12318,4
10,6
2027,
8068,
8947,
20440,4
14819,
8958,
15533,4 6
22205,
16981,
1131,
13775,4 6
4154,
18562,
8553,4 6
20364,
332,4
20947,
17254,
10441,4 6
8029,4
19456,
18008,6
14254,4
12795,
15227,
4921,
12968,6
17827,4
11151,4
21486,6
1159,4
23861,4
1228,
11230,6 7
4486,
17666,
11922,4 6
24281,
5991,
14080,6
3681,4
3649,
11822,
24949,6
10375,
18084,4
11093,4 6
10502,
26696,
1265,4 6
24049,
19560,4
29049,4
6759,
502,6 7
13851,
7893,
18765,6
9381,
20008,6
29591,6
29736,6 7
2904,6
22476,
18870,
19048,
15392,
25525,
11058,4
20624,
6378,
12380,4
16777,
23646,
1591,
15588,4 6
2963,4 6
24939,
8349,6 7
1750,
3692,4
30110,
30607,
14296,
8932,
12820,6
8651,
2755,
25624,
2448,
528,6
28580,
556,4
12630,4
10070,
30009,
697,6 7
27312,
1825,
17045,
10387,
10463,
3385,
22778,6
26590,6
13236,
6900,4
18202,6
11286,
3787,
10146,
6993,
27678,
5560,6
5164,
30261,
5603,4
11278,4 6
6620,4
14091,4 6
27483,6 7
23549,4 6
2352,4 6
1048,4
25304,6
12725,4 6
5668,4 6
23146,
13815,4
10294,6
20265,4
5359,4
6130,4
20081,
5504,
12195,4 6
21430,
18135,4
18371,
12056,
9111,4
25445,
2226,
2003,4 6
22527,
19291,4
27515,
30443,6
21600,
3818,
27316,
17384,
8652,4
17456,4 6
18208,
27293,
20105,4
10697,4 6
18503,
10640,6
20262,6
14010,4
8770,6 7
17686,
11271,4 6
31021,6
23884,
6135,6
27076,4
6431,6
16225,
27702,6
27195,4 6
9590,
25643,6
7012,
27251,4
5838,6
20889,6
26295,6 7
18360,
19703,6 7
18674,4
30092,
28042,
24849,
12879,4
5582,
22084,4
10503,4
12611,
29504,6
3779,
118,
28829,
24306,
28687,
4158,
9431,6 7
22594,4
30318,
2912,6
21943,
30106,
4431,
6652,
7691,
18288,4
11534,4
5144,
16134,
6909,6
28017,4
18031,
28863,4
14324,
26427,6
20281,6 7
20219,
7083,4
6817,
19751,4
7283,
1489,4 6
5807,4 6
27524,4
6644,4
6856,
6420,
4162,4
21507,4
15715,
11832,4
20821,
18805,
29566,4
6860,4
4723,6
25585,
27122,
16543,
7592,4
7084,
23289,4
23990,
26836,
29190,
30914,
24142,
2079,6
10049,
10204,
9739,
21697,4
15758,4
28384,4
4721,
11965,
22404,4
1449,4
23673,
7987,6
21997,4 6
15779,
8560,
22717,4 6
23302,
23601,4
3118,
9139,6
3960,4
29798,
27021,6 7
18393,
10910,6
29227,
21406,
9922,
7819,
4232,
3784,6
6792,6
8948,
21163,
9080,6
27485,6
10926,4
28814,
14084,
13430,
12231,
16536,4 6
22247,
9403,4
27270,4
10755,4 6
27030,
15008,
13503,
6726,
14307,
21407,4 6
205,
17084,
27598,
28890,
11339,
9864,4
18163,4 6
22902,6
25529,
27002,
26556,
18229,
23926,
5194,
22656,4
28381,6 7
20349,
13195,
27283,
11159,4
13246,
2981,6
17600,
5210,4 6
9092,4 6
20428,
11516,4 6
843,
15301,
7970,4
24462,
30193,
17869,
882,
1274,4
8653,6
19219,4
17097,
13544,4
20568,
10100,4 6
23991,
13275,
5133,6
26414,
9307,
9112,
1378,
11062,
14811,4 6
6803,
26264,6
7014,4
10882,4
18865,4
8774,4
24947,
22799,4
13243,4 6
13552,
16851,
24978,4
18270,
1523,
10819,6
30876,
23641,6
4378,6
22820,
20578,6
29196,
29181,4
4108,6
14726,
14908,
5355,6 7
16312,4 6
27909,
26179,4
29314,
22592,4
11845,4
25015,
25032,
29532,
3756,
20750,4 6 7
1741,
31005,
19075,4
24669,
3517,
4211,4 6
30074,
7839,
9931,4
6118,4 6
1734,
1125,4
16655,4
29157,6
12467,4
7993,
22460,6
20696,6 7
3170,
750,
25395,
2491,
26275,
24015,
29871,6
3665,
29446,
4570,4
30336,
6332,
7505,
6492,4 6
9930,
21357,6
3673,
23669,
28436,
4982,
9912,
28289,6
529,
5015,6
20989,6
8859,
8004,6
16841,
670,
4184,6
659,
7569,
401,
17054,
8457,
19067,
22937,
27703,
26196,
19106,
24985,4
9035,
16102,4 6
4179,6
26429,4
22940,4 6
30760,
19115,
15361,
27858,
12863,6
28476,
26155,
21155,
6992,6
1439,
9704,4
18364,
15025,6
27783,
9927,4
18502,
15416,4
7748,
14508,
13457,4
29844,
18477,6
25668,
17283,
20594,
21425,
11793,4 6
30944,
20654,6 7
17593,
5762,6 7
14441,
28127,
28078,6
25866,4
15483,
6658,
1175,
11091,
9332,4
15939,
3041,
23441,
19538,6
5953,
17792,4
10423,4 6 7
479,
16397,6
29775,6
15377,6 7
26827,
7698,
8747,
5796,
28776,
10459,4 6
15258,6
28002,6
23836,6 7
25369,
2332,
8764,6
7380,6
1522,4
14617,
2560,6
7027,
28745,
4441,
30680,
19764,
30132,
8486,4
23110,4
26405,
2442,4 6
8162,
27915,4 6
11422,4
27969,
25823,
571,
16749,
9658,6
21427,4
4191,6 7
10713,
24416,4
20830,
5917,6
7140,6
19971,
13473,
5378,4 6
5574,4 6
18471,
27487,4
15923,4
9309,
25204,4
1370,4 6
11707,
13537,
12354,4
23417,
23250,4 6
21316,4
2475,4
3732,6
17459,6
22751,
4264,
10622,
1380,
20157,
24797,
16716,
763,
25352,
11812,6
27689,6
18156,4 6
14593,6
24014,6
11569,6
7476,
29020,
6075,
7790,6 7
17039,6
19777,
8082,4
6921,6
5413,
16480,6
5390,
4856,6
25766,6 7
29451,
21287,4
21031,4 6
30902,
21026,
8432,
14474,
11321,4
20785,4
26048,
13692,
6857,6
25495,4
21262,
5273,4
19800,4
26388,
21318,
29702,
13213,6
20550,4 6
9745,
491,6
15055,6
21936,
16791,
8052,6
16577,6
12867,
2838,6 7
26703,4
29296,
5043,
22651,
8638,4
3896,
16484,6
26045,
27224,
899,
11014,4
760,
16942,
21655,4 6
7232,
5672,
4138,
5748,
14099,
5077,
16628,6
17954,4
21580,
13715,
16521,
4040,
19845,4 6
25079,
26444,6
19437,
23023,4 6
28349,
12734,
20825,
10746,4
3366,4 6
10252,
29711,
5834,
26148,
5450,
24525,
23888,4
7553,4 6
13993,4
27904,
28928,
9422,
3826,
13331,4
29335,4
25841,4
2884,
15833,
28272,6
20738,6
24969,
22955,
5919,4
3752,
7621,
24299,
26766,6
13899,
27825,6
21875,6
26061,
3489,
22337,6
23479,4 6
16886,
27839,
3501,4
3018,
29006,
10231,4 6
10637,4
25367,4 6
25231,
26279,4
21820,
15660,
1345,
24908,
24856,
30725,6
10120,4 6
24761,4
19252,
28213,
18896,4
12039,
11831,6
19063,4
29565,
2386,4
18296,4 6
2351,4
10830,4
16621,
24837,
9237,
27626,6
22737,
5999,4 6
4758,
26595,
25354,6
9444,6 7
8331,
24701,4
16149,4
25131,
29867,
8400,
12930,4
9541,4
27255,6
10184,
28263,
4402,6
3095,4
7257,
10363,
13943,4 6
8306,4 6
5319,4
3229,
29252,6 7
30950,
5661,
27055,
27070,4
12153,4
3240,
27423,4
6784,
1664,
18359,4
24408,4
3973,
19295,6
22987,
30066,
24948,4
11047,4
27332,
4285,
20585,4 6
10618,4
518,
17068,
8097,6
18872,4
26736,
2586,4
6039,
21897,6
17058,
4229,
31036,
12053,
29245,6
922,
26025,
15110,4
3375,
2509,
17239,
11936,
6161,
13621,
10191,
4023,
30847,4
10586,6
29149,6
24840,
9700,
26540,
1070,
28369,4
22352,6
10062,
27143,
2721,
26154,6
11035,
16490,
13338,
21462,
30494,
21452,
26046,
3190,6
7186,4
26042,
26283,6 7
28170,
251,4
17424,
21599,
4105,4
25202,4
16107,6
7789,4
10339,
9917,
2570,4
14895,6
27822,
22574,
20579,6
15189,6
25157,
17142,6
8229,4
25417,4
12819,
19311,
26181,
21938,
15539,4
22057,4
20960,
7142,6
17767,
25760,4
21504,
19618,
30872,
5639,4
9569,
1075,4 6
11510,
3966,
7579,
22524,6 7
15774,
11112,
13522,
16169,
7595,
5583,4
29783,6
382,
27871,
16037,
2457,4 6
12225,
8890,4
30812,
2012,4
19699,
2587,
1041,
22418,
3161,4 6
28360,
18689,
12565,
29401,
7303,
25039,
1764,
7962,
20684,
20649,
15549,6
21676,
17496,
2812,
15766,6 7
18148,
1390,4
12309,6
2141,
29224,
28894,6
15757,6
24629,6
2880,
8629,
5880,
29288,
1162,
9555,
24864,
30874,
1160,
17838,4
2336,
12571,
10724,6
16454,6
2279,
27614,
3225,6
1482,
6851,4
25163,4
1871,
1867,
1717,6
12965,
28268,
17643,6
12699,4 6
4545,
15142,
13035,6
19831,4 6
17862,4 6
19243,
3617,
17707,
15294,6
23268,6 7
25694,
25702,4
15918,4 6
3255,4 6
12680,
16348,4
20563,
24133,4
30018,4 6
30782,
4338,4 6
6374,
1294,6
2354,
8138,
27589,
9945,
15940,4
26151,
24661,
4404,4
28836,4
17260,4
27184,4
12466,
29396,
19973,6
1151,
8311,
12066,
20961,
21410,
19448,4
22176,6
25739,6
2210,
4460,
5294,
24829,
15839,4
26503,
19370,
9916,
22207,4 6
12903,
11835,4
22210,
21953,4
28875,
25662,6
11857,4 6
3005,
4343,6
7900,
15925,
4188,4 6
26310,4
7597,4
23654,4
89,
25023,4 6
26506,
25267,
21556,
28239,4
2068,
18130,6
15836,
21232,4
25628,
5737,
5257,4
20995,
9156,6
23921,4
18029,
14040,
11400,
16722,
26504,
3421,4 6
24385,
3532,4 6
1673,6
19947,
11427,4
7051,6 7
6568,
26178,4 6
17309,4 6
26287,
18258,4
29151,6
25060,4 6
26789,
15894,6
22233,
24327,
19073,6
5324,
1926,
17857,4
21202,4
12870,4
30983,
10611,
19863,4
20918,
26023,
3974,4
23801,
2398,4
1372,
25005,
19669,
26247,6
26636,
12508,
24968,
7312,6
1939,4 6
15143,
8071,
20515,
8580,4
14824,
22390,6 7
24233,6
22489,
15713,
20275,
1858,4
20055,
10041,6
13489,
14737,4 6
17033,6
23204,
12705,4 6
4140,6
3606,
16539,
24391,
8989,
12946,
4891,
26879,4
27200,
8866,
22925,6
156,4
269,4
22375,
30790,6
7070,
16946,6 7
2830,
16286,
18661,
6657,
13326,
4247,
20769,4
5745,
25937,6
30767,
2641,
30887,6
17233,4 6
7091,
28766,
30077,
11888,4
9690,
12076,6
22882,
690,
3807,6
5119,
30984,
24210,
29622,4
23202,4
9776,4 6
9131,4 6
29931,
7269,
8463,6
23664,4 6
17073,
26077,
10405,
4107,
17840,4 6
13157,
26371,
15186,4 6
10961,
24163,
4759,
4608,
28125,
29106,
22481,
1178,
26571,
6061,
10026,6
6093,4
2453,
8817,
3553,4 6
29169,6
28092,
24334,4
28930,
24365,4
13762,
29295,6 7
7721,
21618,6
16911,
22896,
8130,6
9013,6
19124,6
12877,
4615,6
21083,
23164,6
16872,
25993,6
2483,
11485,4 6
9723,
4938,
15280,
3640,
15790,
29206,
13838,
3701,
25627,
27945,
16406,
9800,
25374,
29266,4
20820,
28302,4
12949,
29690,6
9562,
6529,6
16173,
6070,
12556,6
26734,
23215,
24763,
11204,
3324,
17678,6
1199,
4785,6
22371,
5692,
18036,4 6
26520,
30859,6
24607,
14461,
6767,6
17478,4 6
12638,6
1611,4
24750,
499,
1897,
14643,6 7
14574,
171,
3066,
30356,
1376,
27639,
12081,
4528,
21081,4 6
27894,
17245,4
14959,
22894,
3725,4
18639,4 6
15074,
20192,
27789,6
5419,6
16144,6
23982,4 6
20292,6 7
14677,4
26821,4
23770,
5274,
9633,
20938,
21818,
26201,
10215,4
29986,4
6354,
9347,6
11589,
25346,
30637,
12268,
15394,6
28448,6
8160,
24489,6
11487,4
25033,
3884,6
23269,4
2082,
8106,
13535,6
28871,6
15617,4 6
20980,
14667,
27726,4 6
29081,4 6
15471,
2905,
13966,
1013,6
1299,
6960,
4349,4 6
12480,
27841,
30975,
8835,
14954,
28143,
9353,
12931,
29531,
29281,4
10263,6
14163,
9973,6
28401,6
21242,4
12408,
8336,6 7
5180,4 6
8460,
3958,
15339,
780,
3226,
26565,4
1135,
27877,
9472,4
28211,4
2303,6
27564,4
8839,
9415,
14411,
14397,6
24901,
20045,6
27249,
28526,4
31049,4
6054,4
28762,
16452,4
8537,6
28910,6
5382,
9352,
2342,
12996,
19355,6
11363,6
8600,
17325,
76,
8332,
28006,
1806,
9746,4
23720,
8023,
27761,
851,
6142,
7899,
19877,
2808,
21769,
3560,
25742,6 7
6841,
19982,
31061,6 7
5602,6
10568,
28329,
8832,4
14706,6
5197,4
12633,
5357,6
8118,
26109,
7494,4
26231,
24498,
28555,4
17807,6
20524,
14891,
17403,6
15465,4
6482,4
10736,
6483,4 6
18634,
4595,
17661,
10132,
22268,4 6
9755,
14460,
284,
14219,
5346,
2004,
20024,
24071,6
18714,4
30916,4
27482,4
476,
14647,
27420,4
10370,4
2298,
27285,
14214,
6281,
28095,
4396,
16718,4
10121,6
2387,
1721,
61,6 7
15557,
20631,
3256,
24788,
28379,
22017,
20251,
21834,
16531,4
15882,
3709,6
3903,
21377,
10157,4
10302,6
14823,4
26963,
17093,
10792,
26591,4
21700,6
19250,6
16212,
6693,
25849,4
17480,
2699,4
25228,6
3798,
18155,6
20352,
9835,
20502,
21467,
15699,
11032,
5400,4
7793,
8623,6
22135,
16616,4
43,
5812,6
11221,
29068,
96,6
19452,6
14374,
1124,6 7
11771,6
22358,
26116,
5272,
10388,
14083,6
25252,
20888,
22835,6
28048,
28388,6
4830,
20095,
24053,6
14538,
16672,
15224,
4379,
18095,4
9386,4
17834,6
27882,
8719,
25286,
18274,
14029,6 7
25458,
17155,4
18497,4 6
25392,
20667,6
5971,
9144,
24983,
23294,
24984,4
21602,6
17474,6
25288,6
18886,4 6
10368,4 6
12387,
25904,4
28609,6 7
15259,4
25325,
14127,4
7020,
15266,4 6
27146,
10833,
27108,
6298,
14783,
17584,6 7
30290,
3542,
6397,4
9299,
5771,6
9726,
16097,
15797,
27484,4 6
18882,4
11143,
2232,4
5010,
10834,
9382,6
5744,4
21381,6
16614,6
10006,
3519,6
10707,6
26752,6
10827,
17542,
22229,6 7
12524,
14457,
10668,4
15441,
27987,
15608,
14142,
30407,
10638,6 7
25578,
17103,
16153,6
4201,
23209,
13645,
12323,6
16383,
19833,
9623,4 6
18867,4
30350,6
14197,6
17198,6
14838,
30466,
9655,
6687,
14432,4 6
21557,4
25728,
18601,4
21474,
28927,6
80,
21477,6 7
6448,
20136,
29749,
22753,4 6
13569,
28615,4
21849,
13273,
22038,4 6
28052,4
15168,
10811,6 7
29718,6
22245,4
11104,4 6
4494,
4507,
3596,
24844,
3981,4 6
28633,
15870,6 7
29662,
23091,
992,4
8384,
5320,
30324,
5085,
25791,
883,4
9287,4 6
27777,6
14551,4 6
15962,
18089,
7358,
13909,
24377,
6880,
3761,4
26111,
30623,
24292,4 6 7
14879,4
19087,
3562,
3549,
22274,4
25743,4
30177,
26075,
13545,
20308,6
20929,6
456,4
5924,
10205,
13987,
18549,4
19918,4
5653,
25853,6
24287,
28228,
18977,
26761,
23677,
3015,
19029,4 6
27993,
11071,
4516,6 7
3801,
29403,
26981,6 7
2487,4 6
12691,
30503,
416,
19170,
19404,
20971,
5976,4
29842,
10829,4 6
15661,
29342,4 6
7147,
17606,
10505,4
24079,6
29067,4
29481,4
17617,6
10429,
17786,
9116,6
20459,4
12130,
17959,
25277,6
26192,6 7
2991,
12450,4
26223,4
14951,
30624,4
1620,
13421,
22998,4
956,
14945,4
21020,4 6
28331,4
16357,
13375,
16570,4
9710,4 6
12745,
21001,6 7
116,4
3651,4 6
4771,
29686,
22182,
24482,4
4956,4
4375,4 6
26539,
20295,4
24640,
27640,
6569,
2087,4
3347,
8013,4 6
27476,4 6
20722,6
9511,
9936,
29952,
7162,
3894,
2620,
9291,6
5430,6 7
12566,4 6
9261,6 7
18983,
2992,6
27818,4
13284,6 7
6120,
18641,
21822,4
18002,
17091,
14875,
30458,
1057,6 7
9054,
12036,
1597,
9339,4
15357,6 7
25247,6
1190,6
2456,
4869,
21069,4
2449,4
6242,4
21068,
13354,4
24294,4
23902,
522,4
27821,
30590,
5740,
4782,4 6
12531,6
25892,
1475,
19510,
23031,
19011,
30561,6
30061,
28405,4 6
26542,6
12317,
8775,4
5420,
15611,6
24373,
12962,
11624,4 6
25382,6
1490,6
11882,
25819,4
15575,4
23785,6
12093,4
15561,
25384,4
619,
11095,
11870,4
15824,
25584,4
15626,
4117,
14372,6
28193,
15822,
4980,
17708,
2032,4
17279,4 6
30630,
135,4
18997,6
30959,4
16713,4
473,
7121,6
12212,
2459,4 6
2243,4
14505,4
5201,
25129,6
25046,
21883,4
29982,
29501,
19993,4
26431,
21755,
11883,
15591,
16880,
18673,4
1837,4
7850,
2501,6 7
11268,
5777,4
3273,
12300,
17271,
6464,4 6
22639,6 7
276,
3312,
11089,
21034,4
27754,6 7
10732,
1536,4
6555,
20076,4
13826,6 7
19994,
20997,6
7735,
19414,4
25678,4 6
30433,4
28884,
2913,
6923,
17149,4 6
3792,4 6
30924,6
8951,
30305,4
17367,4
15038,
17169,
3499,
28446,6 7
21920,6
4226,
17379,4
2933,
3703,
6314,
288,4
3653,4 6
14780,4
20017,4
26771,4 6
13300,
20735,6
12989,
622,4 6
16360,4
10774,4 6
16709,
1499,
12495,
15624,
26835,
15000,
10761,
18096,
3151,
25712,
3056,
28036,4
28945,
7953,
26661,
8594,
3868,
30489,
16119,4 6
5124,
2718,
25481,4
13139,
24974,
3183,
25293,6 7
11458,6
25338,4 6
30268,
6237,6
15175,
2404,4
16953,
30310,
10390,
1084,6
15399,
23327,4
17206,
18154,4
28273,4 6
12616,
1928,4
17050,
6476,
18788,
19043,
9674,
19074,
17382,4
18809,4
27173,
13328,
29673,4 6
13724,6
18637,
3025,
16989,
3411,6
17021,
11208,
9705,
16640,
27409,4 6
16732,4
19214,
11664,6
27470,6
19974,
27148,4
7230,
16083,
22856,
21836,6
24072,6
20357,6 7
21802,
22309,
412,6
10675,
29079,
18300,6 7
19917,
4619,4
13062,6
26149,4
14250,
9000,
12241,
2215,
72,
14922,4 6
24000,
21573,
14719,4 6
25713,6
10022,4 6
20903,6
11069,
11551,6
14998,6
24935,
22100,6 7
22051,
29043,
1116,4
6815,6
2090,4
19597,
19182,6 7
29365,4 6
6894,4
17106,6
3215,
22022,
18636,
17509,
54,
27873,
5854,4
21272,6
15128,4
22659,
9413,6 7
16624,4 6
25894,6
20330,
30112,
23428,
6369,6
30111,4 6
23932,
7999,
11790,
17252,
14562,
4950,
19641,
20415,
19745,6
14200,
16952,4
5992,
24156,
11355,
413,4
12893,4
26987,
17460,
4125,
26515,
21217,6
9773,4
26164,4
8773,4
23750,
1915,4 6
29851,6
20048,
5313,
2276,
8669,
16256,
2182,4
986,4
20933,6
2480,
4503,
28276,
24746,4 6
18776,
258,
18708,4
6526,
22752,
20474,
26246,
10978,
28706,6
30629,6 7
10662,
14129,
24703,6
16335,6 7
2771,4
10297,
20792,
23197,4
30931,4 6
6209,
4636,
28618,6
13832,4
5239,
11090,
203,4 6
2396,6
27328,
9558,
16831,
27988,4 6
5303,
19602,6
8828,4 6
17993,
25152,
21066,
21747,
9614,
11803,
29445,4 6
6021,
10947,
8700,
328,
20695,6
18518,
19369,
16051,6 7
10623,4
1605,
28774,6 7
81,
24899,4
10756,4
29304,
29406,
6151,
21326,
3020,6
14110,4
3946,4
4643,
28661,6
16234,
4733,4
7541,6
21006,4
20036,4 6
1525,
15692,6
12361,4
3395,
28279,
10917,
10449,4
9959,6 7
11852,
17110,
1904,6 7
4715,4
27899,6
5332,
23580,
22852,6 7
25243,
20133,
10597,
26978,
17219,
1510,6 7
16012,4 6
25248,
3722,4
29664,
147,
10129,
27317,
15057,4
4313,
28121,6 7
913,
28987,
26883,4 6
13592,
14095,
2006,
18276,6 7
2920,
24422,
20843,4
28873,4
24296,
1394,4
14364,
29658,
9030,
20014,
21078,4
30218,
13654,4 6
10402,
26600,4 6
7049,
19816,6
28553,
5335,4
6920,
6102,
18419,
26051,
26762,4 6
2328,4
12998,
11250,4
24113,4
28001,
3736,4
19861,
20057,
18347,
9252,6
6918,6 7
580,
13348,4
3150,
9033,4
18204,4 6
21007,
12563,
19709,
9068,
15602,
7124,
21748,
21991,
25630,
18189,
16889,
15372,
22034,
21192,
6816,6
29663,
18894,4 6
28582,4
25716,4
11824,
8325,
18110,4 6
25305,
22721,
5078,
6322,4 6
15723,4
17448,6
28504,6
905,6
22225,6 7
2450,
2811,
12258,6
23919,6
27325,
12433,
3468,
8786,
9057,4
29111,4 6
11690,4
574,
17940,6 7
2746,4 6
2881,
19158,
1892,6
6762,
4239,6
4634,
8957,
23381,
24500,
1804,
2074,
26548,6
13321,4
19046,
31069,6
21634,6
7676,
7914,6
19599,6
19373,
15743,4
22780,
3988,
2042,4 6
25605,
3540,4
6945,6
30517,
17104,
28519,
19317,
30228,4
1341,
29232,4
4071,
2782,
25848,
26941,4
14926,4
29813,
22075,4 6
12982,6
12917,6
11622,
18261,4
21137,6 7
13897,
19719,
21371,4
29212,6
9852,4
6349,6
29786,6
9597,
23791,
2906,
22681,4
25959,6
14661,4 6 7
23238,4
15959,
16878,4
10876,
22472,
8453,
4940,4
20867,4
20596,4
2521,
3821,
18938,6
4572,6
30230,4
29998,
1668,4
21798,
6911,
29583,
25273,4
12543,
24981,6
2728,
20740,4
8408,4
16489,4
2516,
3584,
23185,
30137,4
29897,
11190,
22355,6 7
7349,4
20108,
19925,
23103,
20090,
15036,
8256,
23569,
12515,
27110,4
5128,4
22566,
24493,
21691,
6855,
3799,6 7
6270,
13576,
13988,6
22244,
16843,
18290,
21596,
163,
4793,
3513,
30149,
19396,
30904,4
400,
21550,
540,
29758,
555,4
15875,
19287,
1703,4
8175,
10994,
3961,
15902,
29919,
16222,4 6
16079,6
30587,
5080,
22837,
23986,
22016,
30232,
3593,
26080,
15056,4
4341,4
13818,4
1229,
24024,4
7788,4 6
1006,
27766,4
26713,4 6
13746,
10970,
14019,
13739,
16008,4
25420,
17017,
9609,
4677,4
30889,4
20333,4
11113,6
17731,4 6
8043,
4928,
18957,4 6
11887,
7964,6
21187,6 7
11566,
2896,
9083,4 6
24338,4
9956,4
4640,
9666,4
27087,
30186,
2023,
6164,
29320,
21995,
17797,
589,
3076,
31030,
22593,4
20484,
12623,4
24401,
14310,6
6008,6 7
19500,
765,
1494,
16105,6
3809,6
11978,
2893,
22142,6
5660,
2183,4
3249,6
474,6
11498,4 6
8691,
28386,4
24222,
8348,
29754,
16438,
9942,
9435,6
20509,4
15068,
12285,
25235,
17365,4 6
22804,
26522,
15420,
26683,
18703,
1509,
27492,
16285,
27927,4 6
8790,
9620,4 6
21642,
19916,4
12832,6
27642,
21332,
26834,
1809,6
20710,4
9072,6 7
19175,4 6
17129,
7467,4
12932,6
2658,6
2460,6
18969,
27968,
7593,
18367,
10347,4
13132,
21359,6
26820,
11264,
5424,6
10435,6
10010,4
29023,
10814,4 6
99,4
8674,4 6
13623,
13633,
12865,6
11552,6
7382,4
5193,
18281,4 6
8090,6
6746,4
4871,
10899,
30051,6
5591,
10554,
19160,6
12449,
16236,
15577,
28918,4
6208,6 7
20583,4 6
22647,6
6442,4
454,
18170,4 6
30359,6 7
4005,6 7
10469,4
1501,
15129,
22996,
22468,4 6
12675,
15312,
14406,6
1706,6
27267,
29724,4
21633,6
8680,
1731,4
18834,
14170,
16960,4
26410,
12792,4
16435,
13335,6 7
18577,4 6
18745,
20311,6
8265,6
5236,
1277,
28298,4 6
639,4
27125,
16613,
3177,
19047,
20616,
22808,4
23778,4
12798,
5222,
23835,
13209,4
21267,6 7
11077,4
19830,
11530,
20611,
14710,
10944,4 6
29042,
1941,
15427,4
3174,
7527,4
19896,
11722,
9696,6 7
24185,
20483,4 6
8053,4 6
14175,
3286,4 6
18675,6
24405,
2588,
10824,
3252,6 7
24562,
28227,
3370,4
1710,
11123,4
26315,4
28231,
6929,
17261,6
29680,
1186,4 6
18694,4
11170,
26334,
21003,
17776,6
13808,4
26622,
13881,
8842,4 6
22959,
19094,4
1714,4
13480,4 6
15345,
8769,
5774,
4597,
1587,
13182,
24936,
24160,
3887,4
27425,4 6
26578,
17960,
3319,4
5470,4
9772,6
28432,4 6
13507,
26826,4
16339,6 7
22703,6
5957,
25583,4
24440,4
19032,
6409,4 6
20234,4
12810,
30941,4 6
7081,
19712,4
1850,
10757,
13964,
2510,
30866,
20139,4
4266,
18395,4 6
27663,6
18191,4
5444,
10854,
9689,
5565,6
11779,4
1797,4 6 7
2861,
11483,
29743,6
1412,6 7
12586,4 6
19028,6
75,
18767,
12756,4
18462,4
14,4
21116,6 7
9145,
17927,4 6
19236,
20368,4
10216,6
9283,
28212,
14172,
7598,
12643,6 7
8852,
22458,
16415,6
26193,
28385,
4696,6
18953,
24150,4
14088,6
26739,
20062,
2060,
29877,
27619,
16090,
7745,
18402,
15556,4
9174,4 6
20050,
7337,
26440,
4435,
16320,
7596,
15585,
5670,4
10842,4
23927,
15230,
29422,
14220,4 6
1831,
26859,4 6
16537,
6673,6
20012,6
27497,
3697,4
1909,
26699,
25572,
26998,
11861,4
30897,
2195,
23649,
11258,6
12677,6
6983,
11130,4
5372,6 7
8018,
12261,6 7
3872,4 6
6493,4 6
15890,4 6
29099,
5973,
5211,4
13158,
28084,4
18943,
27291,4
4922,
22302,
19687,
16309,6
29698,
16305,
27788,
27360,
19904,
15720,
9105,4
15685,
25010,
28732,
16084,
4649,
11048,
7004,
2217,
19539,
26969,
22386,
13467,
14689,
12032,4
9682,
1092,6
27906,
15211,4
22892,
7255,6
3886,4 6
19245,
1046,
21759,
19542,
7935,
13933,
20505,4
6293,6 7
14287,4 6
9695,
6204,
6255,
16917,
13500,
29709,6
16187,
29912,4
24016,4
17280,
7340,
5865,4
849,
30925,
29802,
4995,
19948,
1676,
7532,4 6
7227,
3101,
28750,6
11244,4
1834,
4973,
7178,
7361,6
30347,4
4455,
22637,6
12625,
24784,
4979,
25575,
5282,4 6
26028,
13894,
11203,
18598,
9327,
23634,
19829,
9453,4 6
22376,
9729,4 6
8164,
27800,4 6
19865,
23784,
23055,
14903,
20580,4 6
5245,
11064,4 6
16411,6
11574,
20247,
17665,
7750,4
25081,
9712,4
30601,
13248,
23943,
26829,
13217,
26212,
19112,
17482,
819,4 6
1577,4 6
12332,4
15379,6 7
10683,
15775,
11300,4 6
17489,
30594,
28460,4
9021,4
1122,6
21641,
18875,6 7
17634,6
17691,
28835,
14982,
16626,6
15066,
21312,
15893,6
22844,
30843,
10561,4
8154,6
11600,
1554,4
29974,4 6
25673,
23714,
27150,4
9019,
20887,4 6
24751,
25821,4 6
29494,4 6
18486,
24808,6
11596,6 7
30029,
5153,4
16500,
26896,
9181,
29364,4 6
16743,
9219,
12303,6
8238,6
21354,
21766,4
30868,
12909,
24,
17975,
9576,
21035,4 6
4949,
19273,4 6
16618,
25373,4 6
12973,
25383,4
22933,
27697,
30229,
14545,
23977,
15395,6
22499,6
19248,
21513,
526,
12790,6
8288,
8520,
9118,
14454,6
7345,
16250,
6727,6 7
13014,
11782,
29862,
17323,6
23403,
23553,4
19617,4
8499,
2368,
14670,
812,
30915,
2982,
17414,6
20223,6
12031,
1422,
